"http://www.ic.ufal.br/dac/author/rbie/531","SILVIA HELENA DE BORTOLI CASSIANI","A Leap into the Future of Education in Administration of Medicines: Development of an Instructional Program Aided by Computer"
"http://www.ic.ufal.br/dac/author/rbie/531","SILVIA HELENA DE BORTOLI CASSIANI","Um Salto no Futuro no Ensino da Administração de Medicamentos: Desenvolvimento de um Programa Instrucional Auxiliado pelo Computador"
"http://www.ic.ufal.br/dac/author/rbie/532","FLAVIA BORGES DA SILVA BENFATI","A Leap into the Future of Education in Administration of Medicines: Development of an Instructional Program Aided by Computer"
"http://www.ic.ufal.br/dac/author/rbie/532","FLAVIA BORGES DA SILVA BENFATI","Um Salto no Futuro no Ensino da Administração de Medicamentos: Desenvolvimento de um Programa Instrucional Auxiliado pelo Computador"
"http://www.ic.ufal.br/dac/author/rbie/538","ALINE SILVA DE BONA","Abstração Refletida presente na Aprendizagem Cooperativa medida pelo Espaço de Aprendizagem Digital da Matemática"
"http://www.ic.ufal.br/dac/author/rbie/544","CARLOS J. P. LUCENA","Informações Estatísticas e Visuais para a Mediação De Fóruns Educacionais"
"http://www.ic.ufal.br/dac/author/rbie/555","ADILSON DE LIMA PEREIRA","An instrument for assessing the quality of educational software for mathematics"
"http://www.ic.ufal.br/dac/author/rbie/555","ADILSON DE LIMA PEREIRA","Um Instrumento de Avaliação da Qualidade para Software Educacional de Matemática"
"http://www.ic.ufal.br/dac/author/rbie/555","ADILSON DE LIMA PEREIRA","Um Ambiente para a Prática Remota de Aulas Laboratoriais de Física ( determinação da viscosidade de líquidos)"
"http://www.ic.ufal.br/dac/author/rbie/556","IVANOR NUNES DE OLIVEIRA","An instrument for assessing the quality of educational software for mathematics"
"http://www.ic.ufal.br/dac/author/rbie/556","IVANOR NUNES DE OLIVEIRA","Um Instrumento de Avaliação da Qualidade para Software Educacional de Matemática"
"http://www.ic.ufal.br/dac/author/rbie/556","IVANOR NUNES DE OLIVEIRA","Um Ambiente para a Prática Remota de Aulas Laboratoriais de Física ( determinação da viscosidade de líquidos)"
"http://www.ic.ufal.br/dac/author/rbie/557","HÉLIO LOPES DOS SANTOS","An instrument for assessing the quality of educational software for mathematics"
"http://www.ic.ufal.br/dac/author/rbie/557","HÉLIO LOPES DOS SANTOS","Um Instrumento de Avaliação da Qualidade para Software Educacional de Matemática"
"http://www.ic.ufal.br/dac/author/rbie/557","HÉLIO LOPES DOS SANTOS","Um Ambiente para a Prática Remota de Aulas Laboratoriais de Física ( determinação da viscosidade de líquidos)"
"http://www.ic.ufal.br/dac/author/rbie/4","JONI A. AMORIM","O Professor e sua Primeira Página na Internet: Uma Experiência de Uso do Ambiente TelEduc"
"http://www.ic.ufal.br/dac/author/rbie/5","DANIEL F. PIRES","O Professor e sua Primeira Página na Internet: Uma Experiência de Uso do Ambiente TelEduc"
"http://www.ic.ufal.br/dac/author/rbie/6","EDILENE A. ROPOLI","O Professor e sua Primeira Página na Internet: Uma Experiência de Uso do Ambiente TelEduc"
"http://www.ic.ufal.br/dac/author/rbie/7","CAMILA C. RODRIGUES","O Professor e sua Primeira Página na Internet: Uma Experiência de Uso do Ambiente TelEduc"
"http://www.ic.ufal.br/dac/author/rbie/65","SILVIA AZEVEDO","Ensino de Programação no Ensino Médio: Uma Abordagem Orientada ao Design com a linguagem Scratch"
"http://www.ic.ufal.br/dac/author/rbie/69","YUGO ALENCAR","Ensino de Programação no Ensino Médio: Uma Abordagem Orientada ao Design com a linguagem Scratch"
"http://www.ic.ufal.br/dac/author/rbie/70","JOÃO PAULO MENDES","Ensino de Programação no Ensino Médio: Uma Abordagem Orientada ao Design com a linguagem Scratch"
"http://www.ic.ufal.br/dac/author/rbie/559","SALVADOR SÁNCHEZALONSO","Avaliação Automática da Qualidade de Objetos de Aprendizagem dentro de Repositórios"
"http://www.ic.ufal.br/dac/author/rbie/560","MIGUELÁNGEL SICILIA","Avaliação Automática da Qualidade de Objetos de Aprendizagem dentro de Repositórios"
"http://www.ic.ufal.br/dac/author/rbie/572","G. A. GIMÉNEZLUGO","Agentes PeerToPeer Baseados Em Ontologias Como Mediadores Em Processos Comunitários De Partilha E Aprendizagem"
"http://www.ic.ufal.br/dac/author/rbie/573","A. B. WOZNIAKGIMÉNEZ","Agentes PeerToPeer Baseados Em Ontologias Como Mediadores Em Processos Comunitários De Partilha E Aprendizagem"
"http://www.ic.ufal.br/dac/author/rbie/574","J. S. SICHMAN","Agentes PeerToPeer Baseados Em Ontologias Como Mediadores Em Processos Comunitários De Partilha E Aprendizagem"
"http://www.ic.ufal.br/dac/author/rbie/575","J. F. HÜBNER","Agentes PeerToPeer Baseados Em Ontologias Como Mediadores Em Processos Comunitários De Partilha E Aprendizagem"
"http://www.ic.ufal.br/dac/author/rbie/578","MARIANO GOMES PIMENTEL","Comunicografia  uma metodologia para análise de processos de interação que se desenvolvem nas ferramentas de comunicação textual da Internet utilizadas no contexto de Educação a Distância"
"http://www.ic.ufal.br/dac/author/rbie/72","ROMERO TAVARES","Aprendizagem significativa codificação dual e objetos de aprendizagem"
"http://www.ic.ufal.br/dac/author/rbie/587","MARIA DE FÁTIMA COSTA DE SOUZA","LOCPN: REDES DE PETRI COLORIDAS NA PRODUÇÃO DE OBJETOS DE APRENDIZAGEM"
"http://www.ic.ufal.br/dac/author/rbie/588","DANIELO G. GOMES","LOCPN: REDES DE PETRI COLORIDAS NA PRODUÇÃO DE OBJETOS DE APRENDIZAGEM"
"http://www.ic.ufal.br/dac/author/rbie/590","CIDCLEY TEIXEIRA DE SOUZA","LOCPN: REDES DE PETRI COLORIDAS NA PRODUÇÃO DE OBJETOS DE APRENDIZAGEM"
"http://www.ic.ufal.br/dac/author/rbie/593","ROSSANA M. C. ANDRADE","LOCPN: REDES DE PETRI COLORIDAS NA PRODUÇÃO DE OBJETOS DE APRENDIZAGEM"
"http://www.ic.ufal.br/dac/author/rbie/597","THIÉBERSON GOMES","A Utilização da Modelagem Computacional Qualitativa no Estudo do Sistema PredadorPresa"
"http://www.ic.ufal.br/dac/author/rbie/599","ANDRÉ MARCOS DA SILVA","A Participatory Methodology to Problemsolving Support System Design in the Organizational Workgroup Context"
"http://www.ic.ufal.br/dac/author/rbie/599","ANDRÉ MARCOS DA SILVA","Uma abordagem participativa ao design de ambiente computacional de apoio à discussão de problemas no contexto de trabalho"
"http://www.ic.ufal.br/dac/author/rbie/601","LEANDRO LUQUE","On the Inclusion of Blind People in UML eLearning Activities"
"http://www.ic.ufal.br/dac/author/rbie/607","FLÁVIO MOREIRA DE OLIVEIRA","An Experiment with Software Agents for Monitoring the Collaboration in a Virtual Class"
"http://www.ic.ufal.br/dac/author/rbie/607","FLÁVIO MOREIRA DE OLIVEIRA","Um Experimento com Agentes de Software para Monitorar a Colaboração em uma Turma Virtual"
"http://www.ic.ufal.br/dac/author/rbie/610","VINÍCIUS COSTA SOUZA","Customizando Ambientes na Web para Língua Brasileira de Sinais Usando WebServices"
"http://www.ic.ufal.br/dac/author/rbie/73","JÚLIA MARQUES CARVALHO DA SILVA","PROJETO E DESENVOLVIMENTO DE UM SISTEMA MULTIAGENTES PARA OBJETOS INTELIGENTES DE APRENDIZAGEM BASEADO NO PADRÃO SCORM"
"http://www.ic.ufal.br/dac/author/rbie/74","NATANAEL BAVARESCO","PROJETO E DESENVOLVIMENTO DE UM SISTEMA MULTIAGENTES PARA OBJETOS INTELIGENTES DE APRENDIZAGEM BASEADO NO PADRÃO SCORM"
"http://www.ic.ufal.br/dac/author/rbie/615","IG BITTENCOURT BITTENCOURT","Sistemas de Autoria para Construção de Ambientes Interativos de Aprendizagem Baseada em Agentes"
"http://www.ic.ufal.br/dac/author/rbie/617","JOÃO GUILHERME","Sistemas de Autoria para Construção de Ambientes Interativos de Aprendizagem Baseada em Agentes"
"http://www.ic.ufal.br/dac/author/rbie/618","BALDOINO FONSECA","Sistemas de Autoria para Construção de Ambientes Interativos de Aprendizagem Baseada em Agentes"
"http://www.ic.ufal.br/dac/author/rbie/619","CAMILA NUNES","Sistemas de Autoria para Construção de Ambientes Interativos de Aprendizagem Baseada em Agentes"
"http://www.ic.ufal.br/dac/author/rbie/621","JÉSSICA FERNANDA RAMOS COELHO","Construção de um dicionário virtual para incremento do aprendizado de Biologia no ensino propedêutico"
"http://www.ic.ufal.br/dac/author/rbie/622","JOÃO PEDRO LOBO ANTUNES","Construção de um dicionário virtual para incremento do aprendizado de Biologia no ensino propedêutico"
"http://www.ic.ufal.br/dac/author/rbie/623","CÍNTHIA DINIZ DO NASCIMENTO","Construção de um dicionário virtual para incremento do aprendizado de Biologia no ensino propedêutico"
"http://www.ic.ufal.br/dac/author/rbie/624","DARLLA LAYSE TORRES DE LIMA","Construção de um dicionário virtual para incremento do aprendizado de Biologia no ensino propedêutico"
"http://www.ic.ufal.br/dac/author/rbie/625","RODOLFO DA SILVA COSTA","Construção de um dicionário virtual para incremento do aprendizado de Biologia no ensino propedêutico"
"http://www.ic.ufal.br/dac/author/rbie/628","VÂNIA MATTOZO","O Ciberespaço e as Redes de Computadores na Construção de Novo Conhecimento"
"http://www.ic.ufal.br/dac/author/rbie/628","VÂNIA MATTOZO","Cyberspace and Computer Networks in Construction of New Knowledge"
"http://www.ic.ufal.br/dac/author/rbie/632","ALLYSON BONETTI FRANÇA","Sistema de apoio a atividades de laboratório de programação via Moodle com suporte ao balanceamento  de carga e análise de similaridade de código"
"http://www.ic.ufal.br/dac/author/rbie/634","LISSANDRA LUVIZÃO LAZZAROTTO","A  educação  em  ambientes  virtuais: proposição  de  recursos  computacionais  para  aumentar  a  eficiência  do processo ensinoaprendizado"
"http://www.ic.ufal.br/dac/author/rbie/635","ALCIONE DE PAIVA OLIVEIRA","A  educação  em  ambientes  virtuais: proposição  de  recursos  computacionais  para  aumentar  a  eficiência  do processo ensinoaprendizado"
"http://www.ic.ufal.br/dac/author/rbie/637","FREDERICO JOSÉ VIEIRA DOS PASSOS","A  educação  em  ambientes  virtuais: proposição  de  recursos  computacionais  para  aumentar  a  eficiência  do processo ensinoaprendizado"
"http://www.ic.ufal.br/dac/author/rbie/641","FLÁVIA MARIA SANTORO","A Framework for Study of Cooperative Learning Support Environments"
"http://www.ic.ufal.br/dac/author/rbie/641","FLÁVIA MARIA SANTORO","Um Framework para Estudo de Ambientes de Suporte à Aprendizagem Cooperativa"
"http://www.ic.ufal.br/dac/author/rbie/642","MARCOS R. DA SILVA BORGES","A Framework for Study of Cooperative Learning Support Environments"
"http://www.ic.ufal.br/dac/author/rbie/642","MARCOS R. DA SILVA BORGES","Um Framework para Estudo de Ambientes de Suporte à Aprendizagem Cooperativa"
"http://www.ic.ufal.br/dac/author/rbie/646","DILERMANDO PIVA JR.","AUXILIAR: Um Sistema Inteligente para Cursos Online"
"http://www.ic.ufal.br/dac/author/rbie/650","RODRIGO BONACIN","PEDAGOGICAL INTERPRETATION OF LOGIC RELATIONS IN DIALOGUES FOR TEACHING VISUAL CONCEPTS"
"http://www.ic.ufal.br/dac/author/rbie/650","RODRIGO BONACIN","INTERPRETAÇÃO PEDAGÓGICA DE RELAÇÕES LÓGICAS EM DIÁLOGOS PARA O ENSINO DE CONCEITOS VISUAIS"
"http://www.ic.ufal.br/dac/author/rbie/654","KAMILA TAKAYAMA LYRA","Inspeção Semiótica do ColabWeb: Proposta de Adaptações para o Contexto da Aprendizagem de Programação"
"http://www.ic.ufal.br/dac/author/rbie/654","KAMILA TAKAYAMA LYRA","Estado da Arte sobre Afetividade na Formação de Grupos em Ambientes Colaborativos de Aprendizagem"
"http://www.ic.ufal.br/dac/author/rbie/658","THAIS CASTRO","Inspeção Semiótica do ColabWeb: Proposta de Adaptações para o Contexto da Aprendizagem de Programação"
"http://www.ic.ufal.br/dac/author/rbie/658","THAIS CASTRO","Estado da Arte sobre Afetividade na Formação de Grupos em Ambientes Colaborativos de Aprendizagem"
"http://www.ic.ufal.br/dac/author/rbie/661","GILDA APARECIDA DE ASSIS","GENVIRTUAL: UM JOGO MUSICAL PARA REABILITAÇÃO DE INDIVÍDUOS COM NECESSIDADES ESPECIAIS"
"http://www.ic.ufal.br/dac/author/rbie/662","MARILENA DO NASCIMENTO","GENVIRTUAL: UM JOGO MUSICAL PARA REABILITAÇÃO DE INDIVÍDUOS COM NECESSIDADES ESPECIAIS"
"http://www.ic.ufal.br/dac/author/rbie/664","DÉBORA LAURINO MAÇADA","Education without Distances: An Experience of Living in Digital Learning Environment"
"http://www.ic.ufal.br/dac/author/rbie/664","DÉBORA LAURINO MAÇADA","Educação sem Distâncias: Uma Experiência de Convivência em Ambiente Digital de Aprendizagem"
"http://www.ic.ufal.br/dac/author/rbie/670","JOÃO RICARDO BITTENCOURT","Um Modelo para Geração de Perfis de Usuários Baseado em Técnicas de Psicometria"
"http://www.ic.ufal.br/dac/author/rbie/672","SERGIO CRESPO C S PINTO","Um Modelo para Geração de Perfis de Usuários Baseado em Técnicas de Psicometria"
"http://www.ic.ufal.br/dac/author/rbie/676","LUCIANO RODRIGUES DE QUEIROZ","Distance Education in Robotics and Computer Vision"
"http://www.ic.ufal.br/dac/author/rbie/676","LUCIANO RODRIGUES DE QUEIROZ","Educação a Distância em Robótica e Visão Computacional"
"http://www.ic.ufal.br/dac/author/rbie/678","RUBENS CAMPOS MACHADO","Distance Education in Robotics and Computer Vision"
"http://www.ic.ufal.br/dac/author/rbie/678","RUBENS CAMPOS MACHADO","Educação a Distância em Robótica e Visão Computacional"
"http://www.ic.ufal.br/dac/author/rbie/679","SAMUEL SIQUEIRA BUENO","Distance Education in Robotics and Computer Vision"
"http://www.ic.ufal.br/dac/author/rbie/679","SAMUEL SIQUEIRA BUENO","Educação a Distância em Robótica e Visão Computacional"
"http://www.ic.ufal.br/dac/author/rbie/681","TATIANA AIRES TAVARES","A TV Digital Interativa como Ferramenta de Apoio à Educação Infantil"
"http://www.ic.ufal.br/dac/author/rbie/683","THIAGO ROCHA ASSIS","A TV Digital Interativa como Ferramenta de Apoio à Educação Infantil"
"http://www.ic.ufal.br/dac/author/rbie/684","CLARISSA BRAGA PINHO","A TV Digital Interativa como Ferramenta de Apoio à Educação Infantil"
"http://www.ic.ufal.br/dac/author/rbie/685","GERMANO MARINIELLO CARVALHO","A TV Digital Interativa como Ferramenta de Apoio à Educação Infantil"
"http://www.ic.ufal.br/dac/author/rbie/686","CLARISSA SANTANA COSTA","A TV Digital Interativa como Ferramenta de Apoio à Educação Infantil"
"http://www.ic.ufal.br/dac/author/rbie/687","SONIA SCHECHTMAN SETTE","DEGREE IN COMPUTING  An open question"
"http://www.ic.ufal.br/dac/author/rbie/687","SONIA SCHECHTMAN SETTE","LICENCIATURA EM INFORMÁTICA  Uma questão em aberto"
"http://www.ic.ufal.br/dac/author/rbie/688","MÁRCIA ANGELA AGUIAR","DEGREE IN COMPUTING  An open question"
"http://www.ic.ufal.br/dac/author/rbie/688","MÁRCIA ANGELA AGUIAR","LICENCIATURA EM INFORMÁTICA  Uma questão em aberto"
"http://www.ic.ufal.br/dac/author/rbie/689","JOSÉ SERGIO ANTUNES SETTE","DEGREE IN COMPUTING  An open question"
"http://www.ic.ufal.br/dac/author/rbie/689","JOSÉ SERGIO ANTUNES SETTE","LICENCIATURA EM INFORMÁTICA  Uma questão em aberto"
"http://www.ic.ufal.br/dac/author/rbie/698","SUSANA ESTER KRÜGER","Avaliação Pedagógica do Software STR"
"http://www.ic.ufal.br/dac/author/rbie/698","SUSANA ESTER KRÜGER","Pedagogical Evaluation of STR Software"
"http://www.ic.ufal.br/dac/author/rbie/702","VERA SALVADOR","LEARN@WEB  An Integrated Environment for Cooperative Learning"
"http://www.ic.ufal.br/dac/author/rbie/702","VERA SALVADOR","LEARN@WEB  Um Ambiente Integrado para Aprendizagem Cooperativa"
"http://www.ic.ufal.br/dac/author/rbie/703","CONSTANZA R. HUAPAYA","Specializing Authoring Systems for Mathematical ITSs"
"http://www.ic.ufal.br/dac/author/rbie/703","CONSTANZA R. HUAPAYA","Sistema de autoria especializado em STIs matemáticos"
"http://www.ic.ufal.br/dac/author/rbie/703","CONSTANZA R. HUAPAYA","Sistema de autoria especializado en STIs matemáticos"
"http://www.ic.ufal.br/dac/author/rbie/704","GRACIELA M. ARONA","Specializing Authoring Systems for Mathematical ITSs"
"http://www.ic.ufal.br/dac/author/rbie/704","GRACIELA M. ARONA","Sistema de autoria especializado em STIs matemáticos"
"http://www.ic.ufal.br/dac/author/rbie/704","GRACIELA M. ARONA","Sistema de autoria especializado en STIs matemáticos"
"http://www.ic.ufal.br/dac/author/rbie/80","BRUNO SILVA LEITE","Mlearning: o uso de dispositivos móveis como ferramenta didática no Ensino de Química"
"http://www.ic.ufal.br/dac/author/rbie/707","SAHUDY MONTENEGRO GONZALEZ","INTEGRAÇÃO DE UMA METODOLOGIA DE ENSINO PRESENCIAL DE PROGRAMAÇÃO COM UM SISTEMA TUTOR INTELIGENTE"
"http://www.ic.ufal.br/dac/author/rbie/717","CRISTIANE MOURA CRUZ","Modelo de Desenvolvimento de Objetos de Aprendiagem Baseado em Metodologias Ágeis e Scaffoldings"
"http://www.ic.ufal.br/dac/author/rbie/724","ANDRÉ CRUZ MENDES","Quem tem mais interesse pelo uso da informática na educação? Os professores mais jovens ou os mais velhos? – Um estudo correlacional"
"http://www.ic.ufal.br/dac/author/rbie/81","REGINA BORGES DE ARAUJO","Exploração do Uso de Realidade Virtual no Aprendizado de Habilidades Acadêmicas para o Ensino Fundamental"
"http://www.ic.ufal.br/dac/author/rbie/81","REGINA BORGES DE ARAUJO","Exploring the Use of Virtual Reality for Learning Academic Skills for Elementary School"
"http://www.ic.ufal.br/dac/author/rbie/729","SOCORRO VÂNIA LOURENÇO ALVES","PERCEPÇÃO EM GROUPWARE EDUCACIONAIS"
"http://www.ic.ufal.br/dac/author/rbie/739","GUSTAVO MORCELI","Integração de Alunos Monitores em Salas de Informática: Uma Avaliação"
"http://www.ic.ufal.br/dac/author/rbie/740","ALAN SILVA","Uma Linha de Produto de Software baseada na Web Semântica para Sistemas Tutores Inteligentes"
"http://www.ic.ufal.br/dac/author/rbie/744","MÁRCIO SILVATTI ZABEU","Desenvolvimento de Jogo Educacional sobre  Ecotoxicologia Utilizando HTML5"
"http://www.ic.ufal.br/dac/author/rbie/748","ANDREZA RAQUEL M. DE QUEIROZ","Um Jogo Didático para Detecção de Problemas de Qualidade de Dados em Bancos de Dados Relacionais"
"http://www.ic.ufal.br/dac/author/rbie/750","LEANDRO BALBY MARINHO","Um Jogo Didático para Detecção de Problemas de Qualidade de Dados em Bancos de Dados Relacionais"
"http://www.ic.ufal.br/dac/author/rbie/751","VLÁDIA FREIRE PIRES","Um Jogo Didático para Detecção de Problemas de Qualidade de Dados em Bancos de Dados Relacionais"
"http://www.ic.ufal.br/dac/author/rbie/761","DIVERSOS AUTORES","Vinte projetos apoiados pelo CNPq (ProTeMCC) na área de Informática na Educação"
"http://www.ic.ufal.br/dac/author/rbie/764","MARIA TERESA EGLÉR MANTOAN","ANÁLISE MICROGENÉTICA DE PROCESSOS COGNITIVOS EM CONTEXTOS MÚLTIPLOS DE RESOLUÇÃO DE PROBLEMAS"
"http://www.ic.ufal.br/dac/author/rbie/764","MARIA TERESA EGLÉR MANTOAN","Microgenetic Analysis of Cognitive Processes in Multiple Contexts of Problem Solving"
"http://www.ic.ufal.br/dac/author/rbie/766","ROSA GIARETTA SGUERRA MISKULIN","ANÁLISE MICROGENÉTICA DE PROCESSOS COGNITIVOS EM CONTEXTOS MÚLTIPLOS DE RESOLUÇÃO DE PROBLEMAS"
"http://www.ic.ufal.br/dac/author/rbie/766","ROSA GIARETTA SGUERRA MISKULIN","Microgenetic Analysis of Cognitive Processes in Multiple Contexts of Problem Solving"
"http://www.ic.ufal.br/dac/author/rbie/767","RICHARD ARIAS ARIAS","Avaliação Multidimensional Baseada em Lógica difusa para Ambientes de Ensino Mediado por Computador"
"http://www.ic.ufal.br/dac/author/rbie/771","LEONARDO SOUZA MENDES","Avaliação Multidimensional Baseada em Lógica difusa para Ambientes de Ensino Mediado por Computador"
"http://www.ic.ufal.br/dac/author/rbie/776","EDUARDO ARAUJO OLIVEIRA","icollaboration: Um modelo de colaboração inteligente personalizada para ambientes de EAD"
"http://www.ic.ufal.br/dac/author/rbie/779","VINÍCIUS RODRIGUES NUNES","Ensino de Computação com SCRATCH no Ensino Fundamental – Um Estudo de Caso"
"http://www.ic.ufal.br/dac/author/rbie/780","GIOVANE DANIEL DOS SANTOS","Ensino de Computação com SCRATCH no Ensino Fundamental – Um Estudo de Caso"
"http://www.ic.ufal.br/dac/author/rbie/781","MÔNICA MANDAJI","O Processo de Colaboração nos Trabalhos de Coautoria em Ambientes Virtuais de Aprendizagem"
"http://www.ic.ufal.br/dac/author/rbie/783","SIMONE CRISTIANE DOS SANTOS","Aplicando a Taxonomia de Bloom Revisada para Gerenciar Processos de Ensino em Sistemas de Aprendizagem Baseada em Problemas"
"http://www.ic.ufal.br/dac/author/rbie/785","IVANDER AUGUSTO MORAIS BUENO","Análise das Interações Curriculares em um Curso de Ciência da Computação: buscando subsídios para aprimoramento curricular"
"http://www.ic.ufal.br/dac/author/rbie/787","ORIVALDO DE LIRA TAVARES","Ambiente de Apoio à Mediação da Aprendizagem: Uma bordagem Orientada por Processos e Projetos"
"http://www.ic.ufal.br/dac/author/rbie/788","SILVANA ROSSY DE BRITO","Ambiente de Apoio à Mediação da Aprendizagem: Uma bordagem Orientada por Processos e Projetos"
"http://www.ic.ufal.br/dac/author/rbie/792","RAFAEL FERNANDO CERON","UM AGENTE ANIMADO PARA AMBIENTES DE APRENDIZAGEM COLABORATIVOS"
"http://www.ic.ufal.br/dac/author/rbie/804","ELISA MARIA QUARTIERO","AS TECNOLOGIAS DA INFORMAÇÃO E COMUNICAÇÃO E A EDUCAÇÃO"
"http://www.ic.ufal.br/dac/author/rbie/804","ELISA MARIA QUARTIERO","THE INFORMATION TECHNOLOGIES AND COMMUNICATION AND EDUCATION"
"http://www.ic.ufal.br/dac/author/rbie/813","ELIANE SANTIAGO RAMOS","Especificação e Verificação Formal de um modelo de STIPBL por Redes de Petri Coloridas"
"http://www.ic.ufal.br/dac/author/rbie/814","JOSÉ M. PARENTE DE OLIVEIRA","Especificação e Verificação Formal de um modelo de STIPBL por Redes de Petri Coloridas"
"http://www.ic.ufal.br/dac/author/rbie/815","ALVARO H. GALVISPANQUEVA","SOFTWARE EDUCATIVO MULTIMIDIA ASPECTOS CRÍTICOS NO SEU CICLO DE VIDA"
"http://www.ic.ufal.br/dac/author/rbie/816","KAREN SELBACH BORGES","Bibliotecas Digitais: Um Sistema para o Controle de Empréstimos e Devoluções de Objetos Digitais"
"http://www.ic.ufal.br/dac/author/rbie/816","KAREN SELBACH BORGES","Digital Libraries: A System for the Control of Borrowing and Returns of Digital Objects"
"http://www.ic.ufal.br/dac/author/rbie/819","SERGIO FERREIRA DO AMARAL","Nativos e imigrantes: Questionando a fluência tecnológica docente"
"http://www.ic.ufal.br/dac/author/rbie/820","VALÉRIA DE ARAÚJO","WORKFLOW DE AUTORIA DE CURSOS PARA EDUCAÇÃO A DISTÂNCIA COM SUPORTE À COOPERAÇÃO"
"http://www.ic.ufal.br/dac/author/rbie/820","VALÉRIA DE ARAÚJO","Editorial"
"http://www.ic.ufal.br/dac/author/rbie/820","VALÉRIA DE ARAÚJO","WORKFLOW FOR AUTHORING COURSES FOR DISTANCE EDUCATION WITH SUPPORT TO COOPERATION"
"http://www.ic.ufal.br/dac/author/rbie/826","LUCAS BRAZ","Uma Arquitetura Flexível Para Promover a Integração Entre o Moodle e Sites de Redes Sociais"
"http://www.ic.ufal.br/dac/author/rbie/827","TASSIA SERAO","Uma Arquitetura Flexível Para Promover a Integração Entre o Moodle e Sites de Redes Sociais"
"http://www.ic.ufal.br/dac/author/rbie/828","GISELA CLUNIE","Uma Arquitetura Flexível Para Promover a Integração Entre o Moodle e Sites de Redes Sociais"
"http://www.ic.ufal.br/dac/author/rbie/8","LUCAS SALOMÃO SPOLAORE","Apuê: Uma Plataforma Web para Educação de Ciências Experimentais baseada em Tecnologias Livres"
"http://www.ic.ufal.br/dac/author/rbie/18","MURIEL DE SOUZA GODOI","COGNITOR: Um Framework Baseado na Linguagem de Padrões COGLEARN"
"http://www.ic.ufal.br/dac/author/rbie/179","SÍLVIO C. CAZELLA","Aplicações de Mineração de Dados Educacionais e Learning Analytics com foco na evasão escolar: oportunidades e desafios"
"http://www.ic.ufal.br/dac/author/rbie/180","GRAZIELA FLORES KUNDE","Dynamic Evolution of a Distance Course Modeled by workflow"
"http://www.ic.ufal.br/dac/author/rbie/180","GRAZIELA FLORES KUNDE","Evolução Dinâmica de um Curso a Distância Modelado por Workflow"
"http://www.ic.ufal.br/dac/author/rbie/181","MARIA APARECIDA SOUTO","Dynamic Evolution of a Distance Course Modeled by workflow"
"http://www.ic.ufal.br/dac/author/rbie/181","MARIA APARECIDA SOUTO","Evolução Dinâmica de um Curso a Distância Modelado por Workflow"
"http://www.ic.ufal.br/dac/author/rbie/183","FRANCISCO EDSON LOPES DA ROCHA","HOW TO USE ONTOLOGIES IN ASSESSING MEANINGFUL LEARNING MEDIATED BY CONCEPTUAL MAPS"
"http://www.ic.ufal.br/dac/author/rbie/183","FRANCISCO EDSON LOPES DA ROCHA","COMO USAR ONTOLOGIAS NA AVALIAÇÃO DA APRENDIZAGEM SIGNIFICATIVA MEDIADA POR MAPAS CONCEITUAIS"
"http://www.ic.ufal.br/dac/author/rbie/184","JÚLIO VALENTE DA COSTA JÚNIOR","HOW TO USE ONTOLOGIES IN ASSESSING MEANINGFUL LEARNING MEDIATED BY CONCEPTUAL MAPS"
"http://www.ic.ufal.br/dac/author/rbie/184","JÚLIO VALENTE DA COSTA JÚNIOR","COMO USAR ONTOLOGIAS NA AVALIAÇÃO DA APRENDIZAGEM SIGNIFICATIVA MEDIADA POR MAPAS CONCEITUAIS"
"http://www.ic.ufal.br/dac/author/rbie/185","ELOI LUIZ FAVERO","HOW TO USE ONTOLOGIES IN ASSESSING MEANINGFUL LEARNING MEDIATED BY CONCEPTUAL MAPS"
"http://www.ic.ufal.br/dac/author/rbie/185","ELOI LUIZ FAVERO","COMO USAR ONTOLOGIAS NA AVALIAÇÃO DA APRENDIZAGEM SIGNIFICATIVA MEDIADA POR MAPAS CONCEITUAIS"
"http://www.ic.ufal.br/dac/author/rbie/188","JANINE GOMES MOURA","Imergindo a Geometria Dinâmica em Sistemas de Educação a Distância: IGEOM e SAW"
"http://www.ic.ufal.br/dac/author/rbie/192","CARLA VALLE","Patient Education through Public Access Systems"
"http://www.ic.ufal.br/dac/author/rbie/192","CARLA VALLE","Educação de Pacientes através de Sistemas de Acesso Público"
"http://www.ic.ufal.br/dac/author/rbie/194","GILDA HELENA B. DE CAMPOS","Patient Education through Public Access Systems"
"http://www.ic.ufal.br/dac/author/rbie/194","GILDA HELENA B. DE CAMPOS","Educação de Pacientes através de Sistemas de Acesso Público"
"http://www.ic.ufal.br/dac/author/rbie/195","ANA REGINA ROCHA","Patient Education through Public Access Systems"
"http://www.ic.ufal.br/dac/author/rbie/195","ANA REGINA ROCHA","Educação de Pacientes através de Sistemas de Acesso Público"
"http://www.ic.ufal.br/dac/author/rbie/196","ALVARO RABELO JR.","Patient Education through Public Access Systems"
"http://www.ic.ufal.br/dac/author/rbie/196","ALVARO RABELO JR.","Educação de Pacientes através de Sistemas de Acesso Público"
"http://www.ic.ufal.br/dac/author/rbie/198","PROF.DR.KLAUS SCHLUNZEN JUNIOR","Banco Internacional de Objetos Educacionais: Repositório Digital para o uso da Informática na Educação"
"http://www.ic.ufal.br/dac/author/rbie/199","PROFA.DRA.ELISA TOMOE MORIYA SCHLÜNZEN","Banco Internacional de Objetos Educacionais: Repositório Digital para o uso da Informática na Educação"
"http://www.ic.ufal.br/dac/author/rbie/200","PROFA.DRA.MARIA INÊS RIBAS RODRIGUES","Banco Internacional de Objetos Educacionais: Repositório Digital para o uso da Informática na Educação"
"http://www.ic.ufal.br/dac/author/rbie/21","MOZART DE MELO ALVES JÚNIOR","ATVDBR: Um Modelo de Atividades  para TV Digital Brasileira"
"http://www.ic.ufal.br/dac/author/rbie/218","GILVANDENYS LEITE SALES","Learning Vectors (LV): Um Modelo de Avaliação Processual com Mensuração NãoLinear da Aprendizagem em EaD online"
"http://www.ic.ufal.br/dac/author/rbie/221","JOSÉ ANDRÉ CARUSO NETO","AS REDES DE ACESSO E O IMPACTO DAS MÍDIAS DIGITAIS EM TREINAMENTOS VIA TELECOMPUTAÇÃO"
"http://www.ic.ufal.br/dac/author/rbie/222","JOSÉ ROBERTO DE ALMEIDA AMAZONAS","AS REDES DE ACESSO E O IMPACTO DAS MÍDIAS DIGITAIS EM TREINAMENTOS VIA TELECOMPUTAÇÃO"
"http://www.ic.ufal.br/dac/author/rbie/228","MARCELO ROVANI P. MESSA","DISTANCE EDUCATION AND INTERNET IN THE CLASSROOM"
"http://www.ic.ufal.br/dac/author/rbie/228","MARCELO ROVANI P. MESSA","EDUCAÇÃO À DISTÂNCIA E INTERNET EM SALA DE AULA"
"http://www.ic.ufal.br/dac/author/rbie/229","HELOISA MOURA","Trazendo Multimodalidade para o Design de Ambientes de Aprendizagem Aprimorados pela Tecnologia"
"http://www.ic.ufal.br/dac/author/rbie/23","ANDREY RICARDO PIMENTEL","MEDIDAS COGNITIVAS PARA O ENSINO DE CONCEITOS VISUAIS COM SISTEMAS TUTORIAIS INTELIGENTES"
"http://www.ic.ufal.br/dac/author/rbie/23","ANDREY RICARDO PIMENTEL","COGNITIVE MEASURES FOR TEACHING VISUAL CONCEPTS WITH INTELLIGENT TUTORING SYSTEMS"
"http://www.ic.ufal.br/dac/author/rbie/231","ELLEN SUZI CAVALCANTI LIMA CONSTANTINO","CONSTRUÇÃO E UTILIZAÇÃO DE UMA HORTA MEDICINAL ELETRÔNICA NO ENSINO DE CIÊNCIAS"
"http://www.ic.ufal.br/dac/author/rbie/232","REJANE MARTINS NOVAIS BARBOSA","CONSTRUÇÃO E UTILIZAÇÃO DE UMA HORTA MEDICINAL ELETRÔNICA NO ENSINO DE CIÊNCIAS"
"http://www.ic.ufal.br/dac/author/rbie/233","CRISTIANO DE ALMEIDA CARDOSO MARCELINO JR.","CONSTRUÇÃO E UTILIZAÇÃO DE UMA HORTA MEDICINAL ELETRÔNICA NO ENSINO DE CIÊNCIAS"
"http://www.ic.ufal.br/dac/author/rbie/234","ZÉLIA MARIA SOARES JÓFILI","CONSTRUÇÃO E UTILIZAÇÃO DE UMA HORTA MEDICINAL ELETRÔNICA NO ENSINO DE CIÊNCIAS"
"http://www.ic.ufal.br/dac/author/rbie/235","SORAIA PACHECO SILVA","Promovendo a aprendizagem através das redes sociais apoiada por um modelo de combinação social"
"http://www.ic.ufal.br/dac/author/rbie/242","ROSANA MUSSOI BRUNO","O Uso de Simuladores no Ensino da Medicina"
"http://www.ic.ufal.br/dac/author/rbie/243","DANIEL LICHTNOW","O USO DE TÉCNICAS DE RECOMENDAÇÃO EM UM SISTEMA PARA APOIO À APRENDIZAGEM COLABORATIVA"
"http://www.ic.ufal.br/dac/author/rbie/244","RAMIRO SALDAÑA GARIN","O USO DE TÉCNICAS DE RECOMENDAÇÃO EM UM SISTEMA PARA APOIO À APRENDIZAGEM COLABORATIVA"
"http://www.ic.ufal.br/dac/author/rbie/245","LUIZ A. MORO PALAZZO","O USO DE TÉCNICAS DE RECOMENDAÇÃO EM UM SISTEMA PARA APOIO À APRENDIZAGEM COLABORATIVA"
"http://www.ic.ufal.br/dac/author/rbie/246","STANLEY LOH","O USO DE TÉCNICAS DE RECOMENDAÇÃO EM UM SISTEMA PARA APOIO À APRENDIZAGEM COLABORATIVA"
"http://www.ic.ufal.br/dac/author/rbie/247","ADRIANA JUSTIN CERVEIRA KAMPFF","O USO DE TÉCNICAS DE RECOMENDAÇÃO EM UM SISTEMA PARA APOIO À APRENDIZAGEM COLABORATIVA"
"http://www.ic.ufal.br/dac/author/rbie/248","TIAGO PRIMO","O USO DE TÉCNICAS DE RECOMENDAÇÃO EM UM SISTEMA PARA APOIO À APRENDIZAGEM COLABORATIVA"
"http://www.ic.ufal.br/dac/author/rbie/251","FLÁVIO M. VAZ DA COSTA","Aprendizagem de Língua Assistida por Computador: Uma Abordagem Baseada em HPSG"
"http://www.ic.ufal.br/dac/author/rbie/253","CÉLIA G. RALHA","Aprendizagem de Língua Assistida por Computador: Uma Abordagem Baseada em HPSG"
"http://www.ic.ufal.br/dac/author/rbie/257","ALEXANDRE CRUZ BERG","A INFORMÁTICA E SUAS APLICAÇÕES EM EDUCAÇÃO FÍSICA"
"http://www.ic.ufal.br/dac/author/rbie/257","ALEXANDRE CRUZ BERG","THE INFORMATICS AND ITS APPLICATIONS IN PHYSICAL EDUCATION"
"http://www.ic.ufal.br/dac/author/rbie/258","JADER DENICOL DO AMARAL","A INFORMÁTICA E SUAS APLICAÇÕES EM EDUCAÇÃO FÍSICA"
"http://www.ic.ufal.br/dac/author/rbie/258","JADER DENICOL DO AMARAL","THE INFORMATICS AND ITS APPLICATIONS IN PHYSICAL EDUCATION"
"http://www.ic.ufal.br/dac/author/rbie/27","INAJARA SALLES VIANA","EAD ENTRE OS DITAMES LEGAIS E A REALIDADE CONCRETA"
"http://www.ic.ufal.br/dac/author/rbie/264","JAIME R. S. FONSECA","Reduzir as Atitudes Negativas em Relação à Aprendizagem da Matemática e Aumentar o Desempenho dos Alunos Através de Metodologia CAL"
"http://www.ic.ufal.br/dac/author/rbie/265","FREDERICO KAUFFMANN BARBOSA","The Evaluating System Control and Pedagogical Support"
"http://www.ic.ufal.br/dac/author/rbie/265","FREDERICO KAUFFMANN BARBOSA","Sistema de Avaliação Controle e Apoio Didático  SACAD"
"http://www.ic.ufal.br/dac/author/rbie/266","CHARLES ARTUR SANTOS DE OLIVEIRA","The Evaluating System Control and Pedagogical Support"
"http://www.ic.ufal.br/dac/author/rbie/266","CHARLES ARTUR SANTOS DE OLIVEIRA","Sistema de Avaliação Controle e Apoio Didático  SACAD"
"http://www.ic.ufal.br/dac/author/rbie/267","CARLOS ANDRÉ GUIMARÃES FERRAZ","Distributed Coauthoring of&nbsp; Courses on the Internet"
"http://www.ic.ufal.br/dac/author/rbie/267","CARLOS ANDRÉ GUIMARÃES FERRAZ","Coautoria Distribuída de Cursos na Internet"
"http://www.ic.ufal.br/dac/author/rbie/268","FERNANDO ANTONIO MOTA TRINTA","Distributed Coauthoring of&nbsp; Courses on the Internet"
"http://www.ic.ufal.br/dac/author/rbie/268","FERNANDO ANTONIO MOTA TRINTA","Coautoria Distribuída de Cursos na Internet"
"http://www.ic.ufal.br/dac/author/rbie/269","RODRIGO CAVALCANTI DE MACÊDO","Distributed Coauthoring of&nbsp; Courses on the Internet"
"http://www.ic.ufal.br/dac/author/rbie/269","RODRIGO CAVALCANTI DE MACÊDO","Coautoria Distribuída de Cursos na Internet"
"http://www.ic.ufal.br/dac/author/rbie/270","ROGÉRIO CYSNE ARAÚJO","Distributed Coauthoring of&nbsp; Courses on the Internet"
"http://www.ic.ufal.br/dac/author/rbie/270","ROGÉRIO CYSNE ARAÚJO","Coautoria Distribuída de Cursos na Internet"
"http://www.ic.ufal.br/dac/author/rbie/275","CLAUDIA L.R. MOTTA","Fio Condutor Microgenético: uma metodologia para a mediação metacognitiva em jogos computacionais"
"http://www.ic.ufal.br/dac/author/rbie/276","CARLA VERÔNICA M. MARQUES","Fio Condutor Microgenético: uma metodologia para a mediação metacognitiva em jogos computacionais"
"http://www.ic.ufal.br/dac/author/rbie/277","CARLO EMMANOEL T. OLIVEIRA","Fio Condutor Microgenético: uma metodologia para a mediação metacognitiva em jogos computacionais"
"http://www.ic.ufal.br/dac/author/rbie/281","LUCIANA A M ZAINA","eLORS: Uma Abordagem para Recomendação de Objetos de Aprendizagem"
"http://www.ic.ufal.br/dac/author/rbie/283","MARIA ANGÉLICA A. C. CARDIERI","eLORS: Uma Abordagem para Recomendação de Objetos de Aprendizagem"
"http://www.ic.ufal.br/dac/author/rbie/284","JOSÉ FERNANDO RODRIGUES JÚNIOR","eLORS: Uma Abordagem para Recomendação de Objetos de Aprendizagem"
"http://www.ic.ufal.br/dac/author/rbie/831","ADRIANA PORTELLA","Estúdio@Web  Um Sistema de Apoio à Prática Educacional Baseado na WEB"
"http://www.ic.ufal.br/dac/author/rbie/831","ADRIANA PORTELLA","Estúdio@Web  A Support System for Educational Practice Based on WEB"
"http://www.ic.ufal.br/dac/author/rbie/835","PAULO ALCEU ALMEIDA REZENDE","PERSONNA: proposta de ontologia de contexto e perfil de alunos para recomendação de objetos de aprendizagem"
"http://www.ic.ufal.br/dac/author/rbie/841","MARCOS WAGNER DE SOUZA RIBEIRO","UMA ARQUITETURA PARA DISTRIBUIÇÃO DE AMBIENTES VIRTUAIS DE REALIDADE AUMENTADA APLICADA À EDUCAÇÃO"
"http://www.ic.ufal.br/dac/author/rbie/840","WENDER ANTÔNIO DA SILVA","UMA ARQUITETURA PARA DISTRIBUIÇÃO DE AMBIENTES VIRTUAIS DE REALIDADE AUMENTADA APLICADA À EDUCAÇÃO"
"http://www.ic.ufal.br/dac/author/rbie/847","MÔNICA NORRIS","MEMORE – Um Ambiente para Apoio ao Acompanhamento da Utilização de Computadores na Educação"
"http://www.ic.ufal.br/dac/author/rbie/849","MARIA CLAUDIA CAVALCANTI","MEMORE – Um Ambiente para Apoio ao Acompanhamento da Utilização de Computadores na Educação"
"http://www.ic.ufal.br/dac/author/rbie/845","ISABEL FERNANDES","MEMORE – Um Ambiente para Apoio ao Acompanhamento da Utilização de Computadores na Educação"
"http://www.ic.ufal.br/dac/author/rbie/844","RONALDO RIBEIRO GOLDSCHMIDT","MEMORE – Um Ambiente para Apoio ao Acompanhamento da Utilização de Computadores na Educação"
"http://www.ic.ufal.br/dac/author/rbie/846","CLAUDIO PASSOS","MEMORE – Um Ambiente para Apoio ao Acompanhamento da Utilização de Computadores na Educação"
"http://www.ic.ufal.br/dac/author/rbie/850","JORGE SOARES","MEMORE – Um Ambiente para Apoio ao Acompanhamento da Utilização de Computadores na Educação"
"http://www.ic.ufal.br/dac/author/rbie/848","CLAUDIA FERLIN","MEMORE – Um Ambiente para Apoio ao Acompanhamento da Utilização de Computadores na Educação"
"http://www.ic.ufal.br/dac/author/rbie/852","PAULO SÉRGIO GARCIA","Electronic Networks in Science Teaching: Pedagogical Evaluation of the Ecology Project in São Caetano do Sul"
"http://www.ic.ufal.br/dac/author/rbie/852","PAULO SÉRGIO GARCIA","Redes Eletrônicas no Ensino de Ciências: Avaliação Pedagógica do Projeto Ecologia em São Caetano do Sul"
"http://www.ic.ufal.br/dac/author/rbie/856","JOSÉ CLÁUDIO DEL PINO","Compreensões de professores sobre o software educativo Carbópolis e sua utilização em diferentes realidades de escola"
"http://www.ic.ufal.br/dac/author/rbie/854","JULIANO DE OLIVEIRA GUTERRES","Compreensões de professores sobre o software educativo Carbópolis e sua utilização em diferentes realidades de escola"
"http://www.ic.ufal.br/dac/author/rbie/87","HENRIQUE MONTEIRO CRISTOVÃO","Ambientes Computacionais para Apoio à Aprendizagem: Um Experimento com Frações"
"http://www.ic.ufal.br/dac/author/rbie/87","HENRIQUE MONTEIRO CRISTOVÃO","Computing Environments for Learning Support: An Experiment with Fractions"
"http://www.ic.ufal.br/dac/author/rbie/9","GERSON MAURI DALLEGRAVE DE ALMEIDA","Apuê: Uma Plataforma Web para Educação de Ciências Experimentais baseada em Tecnologias Livres"
"http://www.ic.ufal.br/dac/author/rbie/89","Mª ELIZABETH SUCUPIRA FURTADO","Um Sistema de Aprendizagem Colaborativa de Didática Utilizando Cenários"
"http://www.ic.ufal.br/dac/author/rbie/89","Mª ELIZABETH SUCUPIRA FURTADO","A Collaborative Learning System of Didactics Using Scenarios"
"http://www.ic.ufal.br/dac/author/rbie/91","JOÃO JOSÉ VASCO FURTADO","Um Sistema de Aprendizagem Colaborativa de Didática Utilizando Cenários"
"http://www.ic.ufal.br/dac/author/rbie/91","JOÃO JOSÉ VASCO FURTADO","A Collaborative Learning System of Didactics Using Scenarios"
"http://www.ic.ufal.br/dac/author/rbie/863","RENATA S. S. GUIZZARDI","Help&Learn: A PeertoPeer Architecture to Support Knowledge Management in Collaborative Learning Communities"
"http://www.ic.ufal.br/dac/author/rbie/864","LORA AROYO","Help&Learn: A PeertoPeer Architecture to Support Knowledge Management in Collaborative Learning Communities"
"http://www.ic.ufal.br/dac/author/rbie/865","GERD WAGNER","Help&Learn: A PeertoPeer Architecture to Support Knowledge Management in Collaborative Learning Communities"
"http://www.ic.ufal.br/dac/author/rbie/93","RAPHAEL GHELMAN","RECONHECIMENTO E AGRUPAMENTO DE OBJETOS DE APRENDIZAGEM SEMELHANTES"
"http://www.ic.ufal.br/dac/author/rbie/94","SEAN W. M. SIQUEIRA","RECONHECIMENTO E AGRUPAMENTO DE OBJETOS DE APRENDIZAGEM SEMELHANTES"
"http://www.ic.ufal.br/dac/author/rbie/96","RUBENS N. MELO","RECONHECIMENTO E AGRUPAMENTO DE OBJETOS DE APRENDIZAGEM SEMELHANTES"
"http://www.ic.ufal.br/dac/author/rbie/866","TÂNIA BARBOSA SALLES GAVA","Moonline: Proposta de um Ambiente baseado na Web para Apoio à Construção Coletiva de Conhecimento"
"http://www.ic.ufal.br/dac/author/rbie/866","TÂNIA BARBOSA SALLES GAVA","Moonline: A Web–Based Environment for Supporting Cooperative Knowledge Construction"
"http://www.ic.ufal.br/dac/author/rbie/869","SANDRA LÚCIA SILVA ARAÚJO","The use of computer resources as a mediating instrument in the teaching and learning process of persons with special needs: an experience report"
"http://www.ic.ufal.br/dac/author/rbie/869","SANDRA LÚCIA SILVA ARAÚJO","O USO DOS RECURSOS DA INFORMÁTICA COMO INSTRUMENTO MEDIADOR NO PROCESSO DE ENSINOAPRENDIZAGEM DE PESSOAS COM NECESSIDADES EDUCATIVAS ESPECIAIS: UM RELATO DE EXPERIÊNCIA"
"http://www.ic.ufal.br/dac/author/rbie/870","KARINA PRIMIANO BENASSI","The use of computer resources as a mediating instrument in the teaching and learning process of persons with special needs: an experience report"
"http://www.ic.ufal.br/dac/author/rbie/870","KARINA PRIMIANO BENASSI","O USO DOS RECURSOS DA INFORMÁTICA COMO INSTRUMENTO MEDIADOR NO PROCESSO DE ENSINOAPRENDIZAGEM DE PESSOAS COM NECESSIDADES EDUCATIVAS ESPECIAIS: UM RELATO DE EXPERIÊNCIA"
"http://www.ic.ufal.br/dac/author/rbie/872","BRUNO LEAL BASTOS","Robótica Pedagógica e Currículo do Ensino Fundamental: Atuação em uma Escola Municipal do Projeto UCA"
"http://www.ic.ufal.br/dac/author/rbie/873","MARCOS ANTÔNIO GOMES BRANDÃO","INDICATIVOS DE PARTICIPAÇÃO E CONVERSAÇÃO EM UMA COMUNIDADE VIRTUAL DE ENFERMAGEM E CONSIDERAÇÕES SOBRE A APRENDIZAGEM"
"http://www.ic.ufal.br/dac/author/rbie/874","MAURICIO ABREU PINTO PEIXOTO","INDICATIVOS DE PARTICIPAÇÃO E CONVERSAÇÃO EM UMA COMUNIDADE VIRTUAL DE ENFERMAGEM E CONSIDERAÇÕES SOBRE A APRENDIZAGEM"
"http://www.ic.ufal.br/dac/author/rbie/875","VIVIANE MODESTO FERRAZ","INDICATIVOS DE PARTICIPAÇÃO E CONVERSAÇÃO EM UMA COMUNIDADE VIRTUAL DE ENFERMAGEM E CONSIDERAÇÕES SOBRE A APRENDIZAGEM"
"http://www.ic.ufal.br/dac/author/rbie/876","ROBERTA PEREIRA COUTINHO","INDICATIVOS DE PARTICIPAÇÃO E CONVERSAÇÃO EM UMA COMUNIDADE VIRTUAL DE ENFERMAGEM E CONSIDERAÇÕES SOBRE A APRENDIZAGEM"
"http://www.ic.ufal.br/dac/author/rbie/879","PAUL BRNA","Modelos de Colaboração"
"http://www.ic.ufal.br/dac/author/rbie/879","PAUL BRNA","Models of Collaboration"
"http://www.ic.ufal.br/dac/author/rbie/881","THIAGO REIS DA SILVA","Ensinoaprendizagem de programação: uma revisão  sistemática da literatura"
"http://www.ic.ufal.br/dac/author/rbie/882","TAINÁ MEDEIROS","Ensinoaprendizagem de programação: uma revisão  sistemática da literatura"
"http://www.ic.ufal.br/dac/author/rbie/883","HANDERSON MEDEIROS","Ensinoaprendizagem de programação: uma revisão  sistemática da literatura"
"http://www.ic.ufal.br/dac/author/rbie/884","RANYER LOPES","Ensinoaprendizagem de programação: uma revisão  sistemática da literatura"
"http://www.ic.ufal.br/dac/author/rbie/885","EDUARDO ARANHA","Ensinoaprendizagem de programação: uma revisão  sistemática da literatura"
"http://www.ic.ufal.br/dac/author/rbie/886","MARLOS TACIO SILVA","Modelos para a Construção de Sistemas Multiagentes: Um Estudo de Caso em Sistemas Tutores Inteligentes"
"http://www.ic.ufal.br/dac/author/rbie/893","EDMILSON BARCELOS ROCHA","Quantidade de Participantes em Batepapo Educacional: um Modelo Baseado em Teoria de Filas"
"http://www.ic.ufal.br/dac/author/rbie/896","WASHINGTON ROMÃO DOS SANTOS","UMA OFICINA DE INCLUSÃO DIGITAL PARA A CONSTRUÇÃO SOCIAL: estudo de caso no CEET Vasco Coutinho – Espírito Santo"
"http://www.ic.ufal.br/dac/author/rbie/897","JADSON RAFALSKI","UMA OFICINA DE INCLUSÃO DIGITAL PARA A CONSTRUÇÃO SOCIAL: estudo de caso no CEET Vasco Coutinho – Espírito Santo"
"http://www.ic.ufal.br/dac/author/rbie/898","JERINO QUEIROZ FERREIRA","Percepções de graduandos em química sobre atividade realizada no Ambiente Virtual Cursos onLine"
"http://www.ic.ufal.br/dac/author/rbie/903","SHEILA REINEHR","Processo de Desenvolvimento para Jogos Eletrônicos Educacionais: uma Revisão de Literatura"
"http://www.ic.ufal.br/dac/author/rbie/913","MARCUS FILIPI ROSSO CASAGRANDE","Técnica de Recomendação Baseada em Metadados para Repositórios Digitais Voltados ao Ensino"
"http://www.ic.ufal.br/dac/author/rbie/914","GUSTAVO KOZIMA","Técnica de Recomendação Baseada em Metadados para Repositórios Digitais Voltados ao Ensino"
"http://www.ic.ufal.br/dac/author/rbie/99","SIDNEI RENATO SILVEIRA","FORMAÇÃO DE GRUPOS COLABORATIVOS EM CURSOS A DISTÂNCIA VIA WEB: UM ESTUDO DE CASO UTILIZANDO TÉCNICAS DE INTELIGÊNCIA ARTIFICIAL"
"http://www.ic.ufal.br/dac/author/rbie/917","MARIA ALICE SOARES DE CASTRO","INFRAESTRUTURA DE SUPORTE À EDITORAÇÃO DE MATERIAL DIDÁTICO UTILIZANDO MULTIMÍDIA"
"http://www.ic.ufal.br/dac/author/rbie/917","MARIA ALICE SOARES DE CASTRO","INFRASTRUCTURE TO SUPPORT THE PUBLISHING OF EDUCATIONAL MATERIALS USING MULTIMEDIA"
"http://www.ic.ufal.br/dac/author/rbie/918","RUDINEI GOULARTE","INFRAESTRUTURA DE SUPORTE À EDITORAÇÃO DE MATERIAL DIDÁTICO UTILIZANDO MULTIMÍDIA"
"http://www.ic.ufal.br/dac/author/rbie/918","RUDINEI GOULARTE","INFRASTRUCTURE TO SUPPORT THE PUBLISHING OF EDUCATIONAL MATERIALS USING MULTIMEDIA"
"http://www.ic.ufal.br/dac/author/rbie/919","ELDERCLEI REGIS REAMI","INFRAESTRUTURA DE SUPORTE À EDITORAÇÃO DE MATERIAL DIDÁTICO UTILIZANDO MULTIMÍDIA"
"http://www.ic.ufal.br/dac/author/rbie/919","ELDERCLEI REGIS REAMI","INFRASTRUCTURE TO SUPPORT THE PUBLISHING OF EDUCATIONAL MATERIALS USING MULTIMEDIA"
"http://www.ic.ufal.br/dac/author/rbie/920","EDSON DOS SANTOS MOREIRA","INFRAESTRUTURA DE SUPORTE À EDITORAÇÃO DE MATERIAL DIDÁTICO UTILIZANDO MULTIMÍDIA"
"http://www.ic.ufal.br/dac/author/rbie/920","EDSON DOS SANTOS MOREIRA","INFRASTRUCTURE TO SUPPORT THE PUBLISHING OF EDUCATIONAL MATERIALS USING MULTIMEDIA"
"http://www.ic.ufal.br/dac/author/rbie/926","CELSO JOSÉ COSTA","Modelos de Educação Superior a Distância e Implementação da Universidade Aberta do Brasil"
"http://www.ic.ufal.br/dac/author/rbie/932","GUILHERME VEZULA MATAVELI","Estudo e adaptação de software para o ensino de Linguagens Formais e Autômatos"
"http://www.ic.ufal.br/dac/author/rbie/934","JOSÉ JUDSON MESQUITA CUNHA","CloudLab: Um Laboratório Virtual para Ensino de Projetos de Circuitos Integrados"
"http://www.ic.ufal.br/dac/author/rbie/937","VICTOR STRÖELE","Extração de Características de Perfil e de Contexto  em Redes Sociais para Recomendação de Recursos Educacionais"
"http://www.ic.ufal.br/dac/author/rbie/940","RAFAEL ALMEIDA","Extração de Características de Perfil e de Contexto  em Redes Sociais para Recomendação de Recursos Educacionais"
"http://www.ic.ufal.br/dac/author/rbie/941","GLÁUCIA REGINA M. A. SIZILIO","Authoring Model of Distance Learning Courses"
"http://www.ic.ufal.br/dac/author/rbie/941","GLÁUCIA REGINA M. A. SIZILIO","Modelo de Autoria de Cursos de Ensino a Distância"
"http://www.ic.ufal.br/dac/author/rbie/943","EDLA MARIA FAUST RAMOS","Ergonomic analysis of the system hiperNet looking for the learning of cooperation and autonomy"
"http://www.ic.ufal.br/dac/author/rbie/943","EDLA MARIA FAUST RAMOS","Análise ergonômica do sistema hiperNet buscando o aprendizado da cooperação e da autonomia"
"http://www.ic.ufal.br/dac/author/rbie/948","GISLAINE CRISTINA MICHELOTI ROSALES","LIVRE SABER(LiSa): um repositório de recursos educacionais abertos de cursos a distância"
"http://www.ic.ufal.br/dac/author/rbie/949","CRISTIAN KAWAKAMI","LIVRE SABER(LiSa): um repositório de recursos educacionais abertos de cursos a distância"
"http://www.ic.ufal.br/dac/author/rbie/955","WILMAX M. CRUZ","Concepção de uma Família de Gestos para Construção de Objetos Geométricos e sua Utilização em um Sistema de Geometria Interativa para Dispositivos Móveis: GeoTouch"
"http://www.ic.ufal.br/dac/author/rbie/956","ANAROSA A. F. BRANDÃO","Concepção de uma Família de Gestos para Construção de Objetos Geométricos e sua Utilização em um Sistema de Geometria Interativa para Dispositivos Móveis: GeoTouch"
"http://www.ic.ufal.br/dac/author/rbie/957","RAMILIO R. R. FILHO","Concepção de uma Família de Gestos para Construção de Objetos Geométricos e sua Utilização em um Sistema de Geometria Interativa para Dispositivos Móveis: GeoTouch"
"http://www.ic.ufal.br/dac/author/rbie/961","SOLANGE OLIVEIRA REZENDE","Sistema Inteligente de Apoio a Treinamento e Ensino: Arquitetura e Avaliação"
"http://www.ic.ufal.br/dac/author/rbie/961","SOLANGE OLIVEIRA REZENDE","Intelligent System to Support Training and Education: Architecture and Evaluation"
"http://www.ic.ufal.br/dac/author/rbie/965","ANDRÉ COVIC BARROS","USO DE COMPUTADORES NO ENSINO FUNDAMENTAL E MÉDIO E SEUS RESULTADOS EMPÍRICOS: UMA REVISÃO SISTEMÁTICA DA LITERATURA"
"http://www.ic.ufal.br/dac/author/rbie/967","KLEUCIO CLAUDIO","USO DE COMPUTADORES NO ENSINO FUNDAMENTAL E MÉDIO E SEUS RESULTADOS EMPÍRICOS: UMA REVISÃO SISTEMÁTICA DA LITERATURA"
"http://www.ic.ufal.br/dac/author/rbie/968","LUIZ RENATO RIBEIRO FERREIRA","USO DE COMPUTADORES NO ENSINO FUNDAMENTAL E MÉDIO E SEUS RESULTADOS EMPÍRICOS: UMA REVISÃO SISTEMÁTICA DA LITERATURA"
"http://www.ic.ufal.br/dac/author/rbie/969","TOM DWYER","USO DE COMPUTADORES NO ENSINO FUNDAMENTAL E MÉDIO E SEUS RESULTADOS EMPÍRICOS: UMA REVISÃO SISTEMÁTICA DA LITERATURA"
"http://www.ic.ufal.br/dac/author/rbie/974","VIVIANE SOARES RODRIGUES SILVA","Análise Temporal de Redes de Coautorias: Um Estudo sobre as Interações dos Autores na Revista Brasileira de Informática na Educação"
"http://www.ic.ufal.br/dac/author/rbie/976","JONICE OLIVEIRA","Análise Temporal de Redes de Coautorias: Um Estudo sobre as Interações dos Autores na Revista Brasileira de Informática na Educação"
"http://www.ic.ufal.br/dac/author/rbie/981","ISLENE C. GARCIA","Astral: Um Ambiente para Ensino de Estruturas de Dados através de Animações de Algoritmos"
"http://www.ic.ufal.br/dac/author/rbie/981","ISLENE C. GARCIA","Astral: An Environment for Teaching Data Structures through Algorithms animations"
"http://www.ic.ufal.br/dac/author/rbie/982","PEDRO J. DE REZENDE","Astral: Um Ambiente para Ensino de Estruturas de Dados através de Animações de Algoritmos"
"http://www.ic.ufal.br/dac/author/rbie/982","PEDRO J. DE REZENDE","Astral: An Environment for Teaching Data Structures through Algorithms animations"
"http://www.ic.ufal.br/dac/author/rbie/983","FELIPE C. CALHEIROS","Astral: Um Ambiente para Ensino de Estruturas de Dados através de Animações de Algoritmos"
"http://www.ic.ufal.br/dac/author/rbie/983","FELIPE C. CALHEIROS","Astral: An Environment for Teaching Data Structures through Algorithms animations"
"http://www.ic.ufal.br/dac/author/rbie/985","RODRIGO HAHN","COMPUTAÇÃO MÓVEL E UBÍQUA NO CONTEXTO DE UMA GRADUAÇÃO DE REFERÊNCIA"
"http://www.ic.ufal.br/dac/author/lattes/barbieri-edison","BARBIERI, EDISON","Interlab study on nanotoxicology of representative graphene oxide"
"http://www.ic.ufal.br/dac/author/lattes/lea-barbieri-zinner","Lea Barbieri Zinner","Emission Spectra of Europium (III) Complexes with 4-Methymorpholine-N-Oxide"
"http://www.ic.ufal.br/dac/author/lattes/lea-barbieri-zinner","Lea Barbieri Zinner","Synthesis, Characterization an Study of Compounds between hydrated Lanthanide (III) Perrhenates and 4-methylmorpholine-N-Oxide (MMNO)"
"http://www.ic.ufal.br/dac/author/lattes/lea-barbieri-zinner","Lea Barbieri Zinner","Coordination Compounds of 4-Mehylmorpholine-N-Oxide with Lanthanide Trifluoromethanesulfonates"
"http://www.ic.ufal.br/dac/author/lattes/lea-barbieri-zinner","Lea Barbieri Zinner","Emission Spectra of Europium (III) Complexes with 4- Methilmorpholine-N-Óxide"
"http://www.ic.ufal.br/dac/author/lattes/lea-barbieri-zinner","Lea Barbieri Zinner","Avaliação de Intensidades Espectrais e Parâmetros Espectroscópicos de Sais e Complexos de Perrenatos de Neodímio (III) e de Érbio(III) com a 4- Metilmorfolina-N-Óxido (4-MMNO)"
"http://www.ic.ufal.br/dac/author/lattes/lea-barbieri-zinner","Lea Barbieri Zinner","Synthesis, Characterization and Spectroscopic Study of Complexes between Lanthanide (III) Hydrated Perrhenate an 4-Methilmorpholine-N-Oxide."
"http://www.ic.ufal.br/dac/author/lattes/rodolfo-lorbieski","Rodolfo Lorbieski","Uma contribuição ao contorle da dengue em Cascavel/PR através de um software com informações georreferenciadas"
"http://www.ic.ufal.br/dac/author/lattes/rodolfo-lorbieski","Rodolfo Lorbieski","Uma Contribuição ao Controle da Dengue em Cascavel/PR através de um Software com Informações Georreferenciadas"
"http://www.ic.ufal.br/dac/author/lattes/rodolfo-lorbieski","Rodolfo Lorbieski","Aquisição e registro de dados relacionados ao combate à dengue em Cascavel - PR"
"http://www.ic.ufal.br/dac/author/lattes/rodolfo-lorbieski","Rodolfo Lorbieski","Computational Agents Applied to Dengue Fever Simulation"
"http://www.ic.ufal.br/dac/author/lattes/rodolfo-lorbieski","Rodolfo Lorbieski","Análise Comparativa entre Três Métodos de Detecção de Colisão de Objetos 3D"
"http://www.ic.ufal.br/dac/author/lattes/rodolfo-lorbieski","Rodolfo Lorbieski","Aquisição e Registro de dados relacionados ao Combate à Dengue em Cascavel - PR"
"http://www.ic.ufal.br/dac/author/lattes/rodolfo-lorbieski","Rodolfo Lorbieski","A Dengue em Cascavel - PR sob uma Perspectiva Inovadora"
"http://www.ic.ufal.br/dac/author/lattes/rodolfo-lorbieski","Rodolfo Lorbieski","Uma contribuição ao controle da dengue em Cascavel/PR através de um software com informações georreferenciadas"
"http://www.ic.ufal.br/dac/author/lattes/la-barbieri-zinner","Léa Barbieri Zinner","Efeitos Ópticos - Eletrônicos de Solventes nas Polarizabilidades Eletrônicas do Íon Nd3+ no Complexo Nd(TFA)3.3AZA"
"http://www.ic.ufal.br/dac/author/lattes/valdemir-barbieiro","Valdemir Barbieiro","Proposta de Melhorias no Laboratório de Mecânica de uma Instituição de Ensino Superior"
